{
  "seed": 42,
  "device": "cuda",
  "split": {
    "train_ratio": 0.7,
    "val_ratio": 0.15,
    "test_ratio": 0.15,
    "train_positive_edges": 172102,
    "val_positive_edges": 36879,
    "test_positive_edges": 36880
  },
  "search": {
    "num_trials": 1,
    "quick_mode": false,
    "trials": [
      {
        "trial_id": 1,
        "hidden_dim": 48,
        "heads": 2,
        "dropout": 0.2,
        "embed_dim": 128,
        "decoder_hidden_dim": 192,
        "lr": 0.0007,
        "weight_decay": 0.0001,
        "neg_ratio": 1.2,
        "hard_fraction": 0.6,
        "best_epoch": 40,
        "best_val_auc": 0.8773570902122738
      }
    ]
  },
  "best_trial": {
    "trial_id": 1,
    "best_epoch": 40,
    "best_val_auc": 0.8773570902122738,
    "config": {
      "hidden_dim": 48,
      "heads": 2,
      "dropout": 0.2,
      "embed_dim": 128,
      "decoder_hidden_dim": 192,
      "lr": 0.0007,
      "weight_decay": 0.0001,
      "neg_ratio": 1.2,
      "hard_fraction": 0.6
    }
  },
  "threshold_selected_on_val": 0.07,
  "val_metrics_at_selected_threshold": {
    "precision": 0.7461584606155692,
    "recall": 0.876921825429106,
    "f1": 0.8062726717438096,
    "accuracy": 0.789297432142954,
    "tp": 32340.0,
    "fp": 11002.0,
    "tn": 25877.0,
    "fn": 4539.0
  },
  "test": {
    "auc": 0.8766558904031837,
    "f1": 0.8083635821187416,
    "precision": 0.7463501974107061,
    "recall": 0.8816160520607376,
    "accuracy": 0.790997830802603
  },
  "baseline_targets": {
    "auc_target": 0.875,
    "f1_target": 0.85,
    "pass_auc": true,
    "pass_f1": false,
    "pass_both": false
  }
}