{
  "seed": 2222,
  "device": "cuda",
  "split": {
    "train_ratio": 0.8,
    "val_ratio": 0.1,
    "test_ratio": 0.1,
    "train_positive_edges": 196688,
    "val_positive_edges": 24586,
    "test_positive_edges": 24587
  },
  "search": {
    "num_trials": 1,
    "quick_mode": false,
    "loss_type": "bce",
    "focal_gamma": 2.0,
    "focal_alpha": 0.25,
    "bce_pos_weight": 1.0,
    "trials": [
      {
        "trial_id": 1,
        "hidden_dim": 56,
        "heads": 2,
        "dropout": 0.18,
        "embed_dim": 144,
        "decoder_hidden_dim": 224,
        "lr": 0.0006,
        "weight_decay": 5e-05,
        "neg_ratio": 1.0,
        "hard_fraction": 0.3,
        "best_epoch": 90,
        "best_val_auc": 0.9161795325051245,
        "val_auc_selected": 0.9161795300236175,
        "val_f1_selected": 0.8495615882370481,
        "test_auc_selected": 0.9181416066919635,
        "test_f1_selected": 0.8529893685930315
      }
    ]
  },
  "best_trial": {
    "trial_id": 1,
    "best_epoch": 90,
    "best_val_auc": 0.9161795325051245,
    "config": {
      "hidden_dim": 56,
      "heads": 2,
      "dropout": 0.18,
      "embed_dim": 144,
      "decoder_hidden_dim": 224,
      "lr": 0.0006,
      "weight_decay": 5e-05,
      "neg_ratio": 1.0,
      "hard_fraction": 0.3
    }
  },
  "threshold_selected_on_val": 0.0575,
  "blend": {
    "enabled": false,
    "weight": 0.0,
    "threshold": 0.0575
  },
  "val_metrics_at_selected_threshold": {
    "precision": 0.8025173611111112,
    "recall": 0.9024648173757422,
    "f1": 0.8495615882370481,
    "accuracy": 0.8401936061173025,
    "tp": 22188.0,
    "fp": 5460.0,
    "tn": 19126.0,
    "fn": 2398.0
  },
  "test": {
    "auc": 0.9181416066919635,
    "f1": 0.8529893685930315,
    "precision": 0.8023585074733861,
    "recall": 0.9104404766746654,
    "accuracy": 0.8430878106316346
  },
  "baseline_targets": {
    "auc_target": 0.875,
    "f1_target": 0.85,
    "pass_auc": true,
    "pass_f1": true,
    "pass_both": true
  }
}