{
  "seed": 42,
  "device": "cuda",
  "split": {
    "train_ratio": 0.7,
    "val_ratio": 0.15,
    "test_ratio": 0.15,
    "train_positive_edges": 172102,
    "val_positive_edges": 36879,
    "test_positive_edges": 36880,
    "val_negative_edges": 36879,
    "test_negative_edges": 36880
  },
  "loss_function": "BCEWithLogitsLoss",
  "best_epoch": 5,
  "best_val_auc": 0.690523329760853,
  "threshold_selected_on_val": 0.85,
  "val_metrics_at_selected_threshold": {
    "precision": 0.5005842550069295,
    "recall": 0.9989967189999729,
    "f1": 0.6669623541547186,
    "accuracy": 0.5011659752162477,
    "tp": 36842.0,
    "fp": 36756.0,
    "tn": 123.0,
    "fn": 37.0
  },
  "test": {
    "auc": 0.6938534934488827,
    "f1": 0.6669805256530004,
    "precision": 0.5006592092207739,
    "recall": 0.9987798264642083,
    "accuracy": 0.5013150759219089
  }
}