{
  "seed": 42,
  "device": "cpu",
  "split": {
    "train_ratio": 0.7,
    "val_ratio": 0.15,
    "test_ratio": 0.15,
    "train_positive_edges": 172102,
    "val_positive_edges": 36879,
    "test_positive_edges": 36880
  },
  "search": {
    "num_trials": 2,
    "quick_mode": true,
    "trials": [
      {
        "trial_id": 1,
        "hidden_dim": 64,
        "heads": 4,
        "dropout": 0.3,
        "embed_dim": 128,
        "lr": 0.002,
        "weight_decay": 5e-05,
        "neg_ratio": 1.5,
        "hard_fraction": 0.5,
        "best_epoch": 1,
        "best_val_auc": 0.7042069898411243
      },
      {
        "trial_id": 2,
        "hidden_dim": 64,
        "heads": 8,
        "dropout": 0.3,
        "embed_dim": 128,
        "lr": 0.0015,
        "weight_decay": 0.0001,
        "neg_ratio": 1.5,
        "hard_fraction": 0.6,
        "best_epoch": 1,
        "best_val_auc": 0.6807613161419322
      }
    ]
  },
  "best_trial": {
    "trial_id": 1,
    "best_epoch": 1,
    "best_val_auc": 0.7042069898411243,
    "config": {
      "hidden_dim": 64,
      "heads": 4,
      "dropout": 0.3,
      "embed_dim": 128,
      "lr": 0.002,
      "weight_decay": 5e-05,
      "neg_ratio": 1.5,
      "hard_fraction": 0.5
    }
  },
  "threshold_selected_on_val": 0.28750000000000003,
  "val_metrics_at_selected_threshold": {
    "precision": 0.5592604994624698,
    "recall": 0.8604625938881206,
    "f1": 0.6779107028407957,
    "accuracy": 0.591176550340302,
    "tp": 31733.0,
    "fp": 25008.0,
    "tn": 11871.0,
    "fn": 5146.0
  },
  "test": {
    "auc": 0.7008427939180129,
    "f1": 0.6776727039584902,
    "precision": 0.559209946212856,
    "recall": 0.8598156182212582,
    "accuracy": 0.5910385032537961
  },
  "baseline_targets": {
    "auc_target": 0.875,
    "f1_target": 0.85,
    "pass_auc": false,
    "pass_f1": false,
    "pass_both": false
  }
}