{
  "seed": 42,
  "device": "cuda",
  "split": {
    "train_ratio": 0.7,
    "val_ratio": 0.15,
    "test_ratio": 0.15,
    "train_positive_edges": 172102,
    "val_positive_edges": 36879,
    "test_positive_edges": 36880
  },
  "search": {
    "num_trials": 1,
    "quick_mode": false,
    "trials": [
      {
        "trial_id": 1,
        "hidden_dim": 48,
        "heads": 2,
        "dropout": 0.2,
        "embed_dim": 128,
        "decoder_hidden_dim": 192,
        "lr": 0.0008,
        "weight_decay": 0.0001,
        "neg_ratio": 0.9,
        "hard_fraction": 0.35,
        "best_epoch": 70,
        "best_val_auc": 0.9118505742421524
      }
    ]
  },
  "best_trial": {
    "trial_id": 1,
    "best_epoch": 70,
    "best_val_auc": 0.9118505742421524,
    "config": {
      "hidden_dim": 48,
      "heads": 2,
      "dropout": 0.2,
      "embed_dim": 128,
      "decoder_hidden_dim": 192,
      "lr": 0.0008,
      "weight_decay": 0.0001,
      "neg_ratio": 0.9,
      "hard_fraction": 0.35
    }
  },
  "threshold_selected_on_val": 0.0825,
  "val_metrics_at_selected_threshold": {
    "precision": 0.7999562107721501,
    "recall": 0.8916456519970715,
    "f1": 0.8433160223114845,
    "accuracy": 0.8343366143333605,
    "tp": 32883.0,
    "fp": 8223.0,
    "tn": 28656.0,
    "fn": 3996.0
  },
  "test": {
    "auc": 0.9118957714767011,
    "f1": 0.8430650400261006,
    "precision": 0.7977878890556174,
    "recall": 0.893790672451193,
    "accuracy": 0.8336225596529284
  },
  "baseline_targets": {
    "auc_target": 0.875,
    "f1_target": 0.85,
    "pass_auc": true,
    "pass_f1": false,
    "pass_both": false
  }
}