{
  "seed": 42,
  "device": "cuda",
  "split": {
    "train_ratio": 0.7,
    "val_ratio": 0.15,
    "test_ratio": 0.15,
    "train_positive_edges": 172102,
    "val_positive_edges": 36879,
    "test_positive_edges": 36880
  },
  "search": {
    "num_trials": 1,
    "quick_mode": false,
    "trials": [
      {
        "trial_id": 1,
        "hidden_dim": 48,
        "heads": 2,
        "dropout": 0.2,
        "embed_dim": 128,
        "decoder_hidden_dim": 192,
        "lr": 0.0007,
        "weight_decay": 0.0001,
        "neg_ratio": 1.2,
        "hard_fraction": 0.6,
        "best_epoch": 43,
        "best_val_auc": 0.8757637755947678
      }
    ]
  },
  "best_trial": {
    "trial_id": 1,
    "best_epoch": 43,
    "best_val_auc": 0.8757637755947678,
    "config": {
      "hidden_dim": 48,
      "heads": 2,
      "dropout": 0.2,
      "embed_dim": 128,
      "decoder_hidden_dim": 192,
      "lr": 0.0007,
      "weight_decay": 0.0001,
      "neg_ratio": 1.2,
      "hard_fraction": 0.6
    }
  },
  "threshold_selected_on_val": 0.0775,
  "val_metrics_at_selected_threshold": {
    "precision": 0.7552618465700116,
    "recall": 0.8630657013476504,
    "f1": 0.8055731315324929,
    "accuracy": 0.791697171832208,
    "tp": 31829.0,
    "fp": 10314.0,
    "tn": 26565.0,
    "fn": 5050.0
  },
  "test": {
    "auc": 0.8761571915246023,
    "f1": 0.8072602428490718,
    "precision": 0.7551598734237,
    "recall": 0.8670824295010846,
    "accuracy": 0.7929772234273319
  },
  "baseline_targets": {
    "auc_target": 0.875,
    "f1_target": 0.85,
    "pass_auc": true,
    "pass_f1": false,
    "pass_both": false
  }
}