{
  "seed": 42,
  "device": "cuda",
  "split": {
    "train_ratio": 0.35,
    "val_ratio": 0.25,
    "test_ratio": 0.4,
    "train_count": 4814,
    "val_count": 3440,
    "test_count": 5498
  },
  "hyperparameters": {
    "epochs": 120,
    "patience": 30,
    "lr": 0.005,
    "weight_decay": 0.0005,
    "dropout": 0.5,
    "hidden_dim": 32,
    "heads": 8
  },
  "best_epoch": 117,
  "best_val_acc": 0.8965116143226624,
  "test_loss": 0.341878205537796,
  "test_acc": 0.8899599313735962,
  "per_class": {
    "0": {
      "accuracy": 0.9059633027522935,
      "class_name": "Desktops",
      "count": 436
    },
    "1": {
      "accuracy": 0.8734827264239029,
      "class_name": "Data Storage",
      "count": 2142
    },
    "2": {
      "accuracy": 0.9766619519094767,
      "class_name": "Laptops",
      "count": 1414
    },
    "3": {
      "accuracy": 0.7970479704797048,
      "class_name": "Monitors",
      "count": 542
    },
    "4": {
      "accuracy": 0.9319503683598294,
      "class_name": "Computer Components",
      "count": 5158
    },
    "5": {
      "accuracy": 0.961038961038961,
      "class_name": "Video Projectors",
      "count": 308
    },
    "6": {
      "accuracy": 0.5420944558521561,
      "class_name": "Routers",
      "count": 487
    },
    "7": {
      "accuracy": 0.9376528117359413,
      "class_name": "Tablets",
      "count": 818
    },
    "8": {
      "accuracy": 0.8682745825602969,
      "class_name": "Networking Products",
      "count": 2156
    },
    "9": {
      "accuracy": 0.8865979381443299,
      "class_name": "Webcams",
      "count": 291
    }
  }
}